equipo,jugador,posicion,rating_ataque,rating_defensa,fisco
Albania,T. Strakosha,POR,15,83,83
Albania,E. Hysaj,DEF,51,79,76
Albania,N. Bajrami,MED,68,59,66
Albania,M. Uzuni,DEL,79,32,65
Algeria,A. Oukidja,POR,15,78,78
Algeria,F. Ghoulam,DEF,64,78,76
Algeria,R. Mahrez,MED,87,87,60
Algeria,R. Mahrez,MED,87,87,60
Angola,Hugo Marques,POR,15,68,68
Angola,Clinton Mata,DEF,61,78,80
Angola,Wilson Eduardo,MED,79,31,67
Angola,M. Nzola,DEL,75,29,82
Anguilla,Portero Anguilla,POR,10,70,70
Anguilla,Defensa Anguilla,DEF,30,70,70
Anguilla,Medio Anguilla,MED,70,70,70
Anguilla,Delantero Anguilla,DEL,70,30,70
Antigua and Barbuda,N. Townsend,POR,15,62,62
Antigua and Barbuda,M. Romeo,DEF,47,69,70
Antigua and Barbuda,M. Weston,MED,55,30,57
Antigua and Barbuda,D. Blackstock,DEL,65,40,77
Argentina,E. Martínez,POR,15,54,85
Argentina,N. Otamendi,DEF,57,70,80
Argentina,P. Dybala,MED,85,28,66
Argentina,L. Messi,DEL,89,24,62
Aruba,Reserva POR,POR,60,60,60
Aruba,D. Dumfries,DEF,35,64,78
Aruba,G. Breinburg,MED,56,63,74
Aruba,J. John,DEL,61,30,47
Australia,M. Ryan,POR,15,80,80
Australia,T. Sainsbury,DEF,49,75,71
Australia,A. Mooy,MED,71,70,75
Australia,J. Maclaren,DEL,75,38,76
Austria,R. Özcan,POR,15,75,75
Austria,D. Alaba,DEF,73,57,73
Austria,M. Sabitzer,DEL,68,59,78
Austria,M. Arnautović,DEL,68,47,82
Bahamas,Portero Bahamas,POR,10,70,70
Bahamas,Defensa Bahamas,DEF,30,70,70
Bahamas,Medio Bahamas,MED,70,70,70
Bahamas,Delantero Bahamas,DEL,70,30,70
Barbados,Reserva POR,POR,60,60,60
Barbados,E. Boyce,DEF,56,71,73
Barbados,J. Forte,MED,63,28,66
Barbados,J. Forte,DEL,61,28,70
Belgium,T. Courtois,POR,15,71,90
Belgium,J. Vertonghen,DEF,63,88,79
Belgium,K. De Bruyne,DEL,78,46,78
Belgium,E. Hazard,DEL,83,35,66
Belize,Reserva POR,POR,60,60,60
Belize,Reserva DEF,DEF,60,60,60
Belize,M. Salazar,MED,61,39,75
Belize,M. Salazar,DEL,62,44,69
Bermuda,F. Hall,POR,15,58,58
Bermuda,D. Leverock,DEF,26,56,72
Bermuda,R. Lambe,MED,56,44,65
Bermuda,N. Wells,DEL,72,44,63
Bolivia,C. Lampe,POR,15,74,74
Bolivia,D. Bejarano,DEF,38,68,58
Bolivia,A. Chumacero,MED,68,64,74
Bolivia,M. Moreno Martins,DEL,77,29,74
Brazil,Alisson,POR,15,90,90
Brazil,Thiago Silva,DEF,57,56,79
Brazil,Casemiro,MED,72,72,91
Brazil,Neymar Jr,DEL,84,30,60
British Virgin Islands,Portero British Virgin Islands,POR,10,70,70
British Virgin Islands,Defensa British Virgin Islands,DEF,30,70,70
British Virgin Islands,Medio British Virgin Islands,MED,70,70,70
British Virgin Islands,Delantero British Virgin Islands,DEL,70,30,70
Burkina Faso,H. Koffi,POR,15,75,75
Burkina Faso,E. Tapsoba,DEF,54,82,79
Burkina Faso,C. Kaboré,MED,61,76,80
Burkina Faso,B. Traoré,DEL,72,43,67
Cameroon,A. Onana,POR,15,85,85
Cameroon,J. Matip,DEF,46,87,78
Cameroon,A. Zambo Anguissa,MED,68,81,86
Cameroon,S. Eto'o,DEL,81,37,72
Canada,M. Borjan,POR,15,77,77
Canada,A. Davies,DEF,66,76,77
Canada,A. Hutchinson,MED,65,77,79
Canada,J. David,DEL,50,34,75
Cape Verde Islands,Thierry Graça,POR,15,63,63
Cape Verde Islands,Varela,DEF,44,76,82
Cape Verde Islands,Garry Rodrigues,MED,71,43,69
Cape Verde Islands,Zé Luís,DEL,73,33,78
Cayman Islands,Portero Cayman Islands,POR,10,70,70
Cayman Islands,Defensa Cayman Islands,DEF,30,70,70
Cayman Islands,Medio Cayman Islands,MED,70,70,70
Cayman Islands,Delantero Cayman Islands,DEL,70,30,70
Chile,C. Bravo,POR,15,85,85
Chile,G. Maripán,DEF,33,78,79
Chile,A. Sánchez,MED,84,40,78
Chile,A. Sánchez,DEL,82,39,75
Colombia,D. Ospina,POR,15,80,80
Colombia,D. Sánchez,DEF,45,64,82
Colombia,J. Rodríguez,MED,61,61,67
Colombia,Falcao,DEL,86,40,73
Congo DR,P. Mandanda,POR,15,69,69
Congo DR,C. Mbemba,DEF,55,55,81
Congo DR,G. Kakuta,MED,72,42,66
Congo DR,C. Bakambu,DEL,52,35,76
Cook Islands,Portero Cook Islands,POR,10,70,70
Cook Islands,Defensa Cook Islands,DEF,30,70,70
Cook Islands,Medio Cook Islands,MED,70,70,70
Cook Islands,Delantero Cook Islands,DEL,70,30,70
Costa Rica,K. Navas,POR,15,88,88
Costa Rica,G. González,DEF,45,78,71
Costa Rica,B. Ruíz,MED,74,53,58
Costa Rica,B. Ruíz,DEL,74,52,56
Croatia,D. Subašić,POR,15,85,85
Croatia,V. Ćorluka,DEF,51,82,83
Croatia,L. Modrić,MED,77,77,67
Croatia,M. Mandžukić,DEL,78,66,85
Cuba,C. Sánchez,POR,15,67,67
Cuba,J. Corrales,DEF,43,63,64
Cuba,O. Alonso,MED,62,75,80
Cuba,C. Munder,DEL,62,31,55
Czechia,P. Čech,POR,15,88,88
Czechia,P. Kadeřábek,DEF,43,74,81
Czechia,T. Souček,MED,72,82,85
Czechia,P. Schick,DEL,53,36,76
Denmark,K. Schmeichel,POR,15,85,85
Denmark,S. Kjær,DEF,55,85,78
Denmark,C. Eriksen,MED,82,53,64
Denmark,Y. Poulsen,DEL,74,56,82
Dominica,Portero Dominica,POR,10,70,70
Dominica,Defensa Dominica,DEF,30,70,70
Dominica,Medio Dominica,MED,70,70,70
Dominica,Delantero Dominica,DEL,70,30,70
Dominican Republic,E. Bösl,POR,15,57,57
Dominican Republic,Junior Firpo,DEF,58,74,69
Dominican Republic,H. Mörschel,MED,65,37,61
Dominican Republic,Mariano,DEL,81,45,82
Ecuador,M. Ramírez,POR,15,75,75
Ecuador,A. Valencia,DEL,64,58,85
Ecuador,A. Valencia,DEL,64,58,75
Ecuador,S. Mandíquez,DEL,80,29,80
Egypt,M. El Shenawy,POR,15,73,73
Egypt,A. Hegazi,DEF,20,77,86
Egypt,M. Elneny,MED,62,73,75
Egypt,M. Salah,DEL,62,45,75
El Salvador,T. Romero,POR,15,61,61
El Salvador,A. Roldan,DEF,56,60,69
El Salvador,D. Cerén,MED,57,64,74
El Salvador,D. Pineda,DEL,65,29,50
England,J. Hart,POR,15,84,84
England,T. Alexander-Arnold,DEF,66,80,71
England,J. Sancho,MED,76,36,65
England,H. Kane,DEL,54,49,83
Equatorial Guinea,C. Bejarano,POR,15,69,69
Equatorial Guinea,Saúl Coco,DEF,48,76,78
Equatorial Guinea,Pedro Obiang,MED,59,75,74
Equatorial Guinea,A. Ngamukol,DEL,67,31,59
Fiji,Reserva POR,POR,60,60,60
Fiji,Reserva DEF,DEF,60,60,60
Fiji,Reserva MED,MED,60,60,60
Fiji,R. Krishna,DEL,67,48,74
France,H. Lloris,POR,15,88,88
France,A. Laporte,DEF,50,88,81
France,N. Kanté,MED,66,87,83
France,K. Mbappé,DEL,69,36,78
Gambia,B. Gaye,POR,15,61,61
Gambia,O. Colley,DEF,31,75,83
Gambia,M. Barrow,MED,74,31,63
Gambia,M. Barrow,DEL,75,31,64
Georgia,G. Mamardashvili,POR,15,80,80
Georgia,G. Kashia,DEF,28,77,80
Georgia,Vako,MED,73,36,62
Georgia,K. Kvaratskhelia,DEL,80,41,71
Germany,M. Neuer,POR,15,63,92
Germany,J. Boateng,DEF,50,90,85
Germany,T. Kroos,MED,72,72,69
Germany,T. Müller,DEL,83,46,72
Ghana,L. Zigi,POR,15,63,74
Ghana,J. Aidoo,DEF,27,78,88
Ghana,T. Partey,MED,61,61,82
Ghana,Iñaki Williams,DEL,45,38,83
Grenada,Reserva POR,POR,60,60,60
Grenada,A. Pierre,DEF,37,65,79
Grenada,S. Baptiste,MED,58,68,69
Grenada,C. Jerome,DEL,65,44,68
Guatemala,R. Jérez,POR,15,73,73
Guatemala,M. Hernandez,DEF,49,63,67
Guatemala,M. Pappa,MED,71,50,55
Guatemala,R. Rubin,DEL,65,28,67
Guinea,A. Keita,POR,15,69,69
Guinea,F. Pogba,DEF,45,77,85
Guinea,N. Keïta,MED,71,62,70
Guinea,S. Guirassy,DEL,77,38,77
Guinea-Bissau,Portero Guinea-Bissau,POR,10,70,70
Guinea-Bissau,Defensa Guinea-Bissau,DEF,30,70,70
Guinea-Bissau,Medio Guinea-Bissau,MED,70,70,70
Guinea-Bissau,Delantero Guinea-Bissau,DEL,70,30,70
Guyana,D. Léon,POR,15,67,67
Guyana,T. Vancooten,DEF,37,63,72
Guyana,T. Ondaan,MED,61,38,66
Guyana,T. Ondaan,DEL,62,38,65
Haiti,J. Placide,POR,15,45,75
Haiti,R. Genevois,DEF,40,73,74
Haiti,H. Bazile,MED,69,32,61
Haiti,F. Pierrot,DEL,65,28,80
Honduras,L. López,POR,15,61,61
Honduras,A. Najar,DEF,66,69,70
Honduras,A. Elis,MED,70,30,72
Honduras,A. Elis,DEL,72,31,77
Hungary,P. Gulácsi,POR,15,85,85
Hungary,W. Orban,DEF,36,85,81
Hungary,D. Szoboszlai,MED,82,34,64
Hungary,N. Nikolić,DEL,76,24,73
Iran,A. Abedzadeh,POR,15,73,73
Iran,M. Mohammadi,MED,56,56,71
Iran,A. Jahanbakhsh,MED,76,42,71
Iran,M. Taremi,DEL,64,38,74
Italy,G. Donnarumma,POR,15,89,89
Italy,G. Chiellini,DEF,46,90,82
Italy,M. Verratti,MED,61,79,66
Italy,L. Insigne,DEL,76,36,50
Ivory Coast,S. Mandé,POR,15,70,70
Ivory Coast,E. Bailly,DEF,42,84,84
Ivory Coast,Y. Touré,MED,82,80,90
Ivory Coast,S. Haller,DEL,75,52,81
Jamaica,A. Blake,POR,15,78,78
Jamaica,E. Pinnock,DEF,37,80,82
Jamaica,L. Bailey,MED,78,33,64
Jamaica,L. Bailey,DEL,77,33,64
Japan,K. Nakamura,MED,52,52,76
Japan,M. Hasebe,DEF,51,81,69
Japan,S. Kagawa,MED,73,32,49
Japan,T. Kubo,MED,60,60,60
Mali,M. Samassa,POR,15,74,74
Mali,H. Traoré,DEF,57,75,78
Mali,Y. Bissouma,MED,68,80,77
Mali,M. Marega,DEL,79,41,90
Mauritania,B. Niasse,POR,15,66,66
Mauritania,A. Ba,DEF,33,67,76
Mauritania,D. Guidileye,MED,35,66,78
Mauritania,P. Ba,DEL,66,26,69
Mexico,G. Ochoa,POR,63,63,81
Mexico,M. Layún,DEF,72,74,73
Mexico,J. Corona,MED,68,77,60
Mexico,R. Jiménez,DEL,49,49,83
Montserrat,Reserva POR,POR,60,60,60
Montserrat,D. Daniels,DEF,28,67,70
Montserrat,A. Dyer,MED,59,58,72
Montserrat,L. Taylor,DEL,67,37,69
Morocco,Y. Bounou,POR,15,53,85
Morocco,M. Benatia,DEF,45,87,85
Morocco,H. Ziyech,MED,76,50,66
Morocco,H. Ziyech,DEL,76,50,65
Mozambique,Ricardo Campos,POR,15,63,63
Mozambique,Reinildo,DEF,55,80,79
Mozambique,Simao Mate,MED,46,78,82
Mozambique,Hélder Pelembe,DEL,71,29,63
Namibia,V. Vries,POR,15,65,65
Namibia,R. Nyambe,DEF,33,68,76
Namibia,M. Starke,MED,61,41,61
Namibia,D. Hotto,DEL,75,29,61
Netherlands,J. Cillessen,POR,15,83,83
Netherlands,V. van Dijk,DEF,60,65,86
Netherlands,A. Robben,MED,86,32,64
Netherlands,R. van Persie,DEL,90,33,68
New Caledonia,Reserva POR,POR,60,60,60
New Caledonia,W. Lautoa,DEF,36,75,79
New Caledonia,W. Lautoa,MED,36,74,79
New Caledonia,C. Zeoula,DEL,63,38,52
New Zealand,S. Marinović,POR,15,71,71
New Zealand,W. Reid,DEF,52,82,80
New Zealand,R. Thomas,MED,64,64,66
New Zealand,C. Wood,DEL,69,40,81
Nicaragua,Reserva POR,POR,60,60,60
Nicaragua,L. Copete,DEF,43,65,74
Nicaragua,J. Barrera,MED,54,34,53
Nicaragua,J. Barrera,DEL,54,33,52
Nigeria,V. Enyeama,POR,15,83,83
Nigeria,V. Moses,DEF,71,69,74
Nigeria,W. Ndidi,MED,62,87,83
Nigeria,V. Osimhen,DEL,86,42,82
Panama,L. Mejía,POR,15,76,76
Panama,M. Murillo,DEF,57,46,75
Panama,A. Godoy,MED,58,66,75
Panama,I. Díaz,DEL,69,34,75
Papua New Guinea,Reserva POR,POR,60,60,60
Papua New Guinea,B. McDonald,DEF,46,55,60
Papua New Guinea,Reserva MED,MED,60,60,60
Papua New Guinea,D. Browne,DEL,56,25,51
Paraguay,J. Villar,POR,15,77,77
Paraguay,F. Balbuena,DEF,40,81,81
Paraguay,M. Almirón,MED,56,56,63
Paraguay,M. Almirón,MED,56,56,64
Peru,C. Cáceda,POR,15,75,75
Peru,C. Zambrano,DEF,49,76,80
Peru,J. Farfán,MED,77,37,76
Peru,R. Ruidíaz,DEL,80,32,67
Poland,W. Szczęsny,POR,15,87,87
Poland,K. Glik,DEF,32,86,84
Poland,G. Krychowiak,MED,58,81,87
Poland,R. Lewandowski,DEL,92,44,82
Portugal,A. Lopes,POR,15,85,85
Portugal,Rúben Dias,DEF,39,61,87
Portugal,Bernardo Silva,MED,52,52,69
Portugal,Cristiano Ronaldo,DEL,45,33,80
Puerto Rico,J. Saunders,POR,15,67,67
Puerto Rico,Z. Valentin,DEF,46,69,74
Puerto Rico,W. Rivera,MED,42,25,41
Puerto Rico,H. Ramos,DEL,65,28,75
Qatar,S. Al Sheeb,POR,15,68,68
Qatar,B. Khoukhi,DEF,60,63,77
Qatar,A. Afif,DEL,69,68,54
Qatar,A. Afif,DEL,69,32,54
Romania,C. Tătărușanu,POR,15,79,79
Romania,Ș. Radu,DEF,64,84,73
Romania,N. Stanciu,MED,75,62,68
Romania,F. Andone,DEL,78,45,80
Saudi Arabia,M. Al Owais,POR,15,73,73
Saudi Arabia,A. Sharahili,DEF,33,74,80
Saudi Arabia,T. Al Jassam,MED,71,62,72
Saudi Arabia,S. Al Dawsari,DEL,73,52,79
Scotland,A. McGregor,POR,15,77,77
Scotland,A. Robertson,DEF,56,48,76
Scotland,R. Fraser,MED,73,46,61
Scotland,S. Naismith,DEL,73,49,79
Senegal,É. Mendy,POR,15,45,86
Senegal,K. Koulibaly,DEF,28,52,87
Senegal,S. Mané,DEL,77,44,77
Senegal,S. Mané,DEL,77,44,76
Serbia,M. Dmitrović,POR,15,81,81
Serbia,N. Vidić,DEF,39,84,83
Serbia,N. Matić,MED,71,83,83
Serbia,D. Tadić,DEL,81,43,77
Slovakia,M. Dúbravka,POR,15,83,83
Slovakia,M. Škriniar,DEF,41,88,86
Slovakia,M. Hamšík,MED,80,72,69
Slovakia,L. Haraslín,DEL,71,40,59
Slovenia,J. Oblak,POR,15,91,91
Slovenia,B. Cesar,DEF,27,80,79
Slovenia,K. Kampl,MED,67,63,62
Slovenia,J. Iličić,DEL,86,43,68
Solomon Islands,Portero Solomon Islands,POR,10,70,70
Solomon Islands,Defensa Solomon Islands,DEF,30,70,70
Solomon Islands,Medio Solomon Islands,MED,70,70,70
Solomon Islands,Delantero Solomon Islands,DEL,70,30,70
South Africa,I. Khune,POR,15,78,78
South Africa,T. Hlatshwayo,DEF,29,76,73
South Africa,S. Pienaar,MED,72,52,67
South Africa,P. Tau,DEL,74,32,48
South Korea,Kim Seung Gyu,MED,55,55,75
South Korea,Kim Min Jae,MED,55,55,84
South Korea,H. Son,DEL,53,53,69
South Korea,H. Son,DEL,53,42,69
Spain,De Gea,POR,15,91,91
Spain,Sergio Ramos,DEF,63,91,84
Spain,Rodri,MED,59,59,84
Spain,Gerard Moreno,DEL,86,46,73
St. Kitts and Nevis,Portero St. Kitts and Nevis,POR,10,70,70
St. Kitts and Nevis,Defensa St. Kitts and Nevis,DEF,30,70,70
St. Kitts and Nevis,Medio St. Kitts and Nevis,MED,70,70,70
St. Kitts and Nevis,Delantero St. Kitts and Nevis,DEL,70,30,70
St. Vincent / Grenadines,Portero St. Vincent / Grenadines,POR,10,70,70
St. Vincent / Grenadines,Defensa St. Vincent / Grenadines,DEF,30,70,70
St. Vincent / Grenadines,Medio St. Vincent / Grenadines,MED,70,70,70
St. Vincent / Grenadines,Delantero St. Vincent / Grenadines,DEL,70,30,70
Suriname,W. Hahn,POR,15,69,69
Suriname,R. Haps,DEF,63,68,72
Suriname,D. Biseswar,MED,69,33,60
Suriname,S. Becker,DEL,76,35,69
Switzerland,G. Kobel,POR,15,58,87
Switzerland,M. Akanji,DEF,45,71,80
Switzerland,G. Xhaka,MED,56,56,77
Switzerland,X. Shaqiri,DEL,77,46,69
Tahiti,Portero Tahiti,POR,10,70,70
Tahiti,Defensa Tahiti,DEF,30,70,70
Tahiti,Medio Tahiti,MED,70,70,70
Tahiti,Delantero Tahiti,DEL,70,30,70
Tanzania,Reserva POR,POR,60,60,60
Tanzania,H. Mnoga,DEF,34,53,76
Tanzania,N. Miroshi Dismas,MED,38,59,74
Tanzania,M. Samatta,DEL,78,32,74
Trinidad and Tobago,G. Ranjitsingh,POR,15,60,60
Trinidad and Tobago,J. Jones,DEF,58,64,73
Trinidad and Tobago,J. Jones,MED,58,63,73
Trinidad and Tobago,L. García,DEL,73,35,82
Tunisia,F. Ben Mustapha,POR,15,72,72
Tunisia,A. Abdennour,DEF,57,80,83
Tunisia,E. Skhiri,MED,46,46,76
Tunisia,W. Khazri,DEL,80,43,68
Turks and Caicos Islands,Portero Turks and Caicos Islands,POR,10,70,70
Turks and Caicos Islands,Defensa Turks and Caicos Islands,DEF,30,70,70
Turks and Caicos Islands,Medio Turks and Caicos Islands,MED,70,70,70
Turks and Caicos Islands,Delantero Turks and Caicos Islands,DEL,70,30,70
Türkiye,O. Kıvrak,POR,15,81,81
Türkiye,Ö. Toprak,DEF,39,86,75
Türkiye,H. Çalhanoğlu,MED,66,66,66
Türkiye,E. Ünal,DEL,84,40,80
US Virgin Islands,Portero US Virgin Islands,POR,10,70,70
US Virgin Islands,Defensa US Virgin Islands,DEF,30,70,70
US Virgin Islands,Medio US Virgin Islands,MED,70,70,70
US Virgin Islands,Delantero US Virgin Islands,DEL,70,30,70
USA,T. Howard,POR,15,82,82
USA,J. Brooks,DEF,39,81,77
USA,M. Bradley,MED,69,72,83
USA,C. Pulisic,DEL,74,37,59
Ukraine,A. Pyatov,POR,15,80,80
Ukraine,O. Zinchenko,DEF,66,78,69
Ukraine,Y. Konoplyanka,MED,79,33,58
Ukraine,R. Malinovskyi,DEL,81,64,80
Uruguay,F. Muslera,POR,15,47,83
Uruguay,D. Godín,DEF,48,89,84
Uruguay,F. Valverde,MED,51,51,82
Uruguay,L. Suárez,DEL,90,42,81
Venezuela,J. Graterol,POR,15,75,75
Venezuela,F. Amorebielsa,DEF,47,81,85
Venezuela,D. Machís,MED,80,38,70
Venezuela,J. Martínez,DEL,79,25,73
Wales,W. Hennessey,POR,15,75,75
Wales,A. Williams,DEF,43,82,82
Wales,G. Bale,MED,83,63,81
Wales,G. Bale,DEL,87,57,76
Zambia,K. Mweene,POR,15,67,67
Zambia,S. Sunzu,DEF,38,73,82
Zambia,E. Mwepu,MED,75,72,78
Zambia,P. Daka,DEL,78,24,70
Mexico,Rangel,POR,68,70,75
Mexico,Montes,DEF,56,75,75
Mexico,Vásquez,DEF,54,54,75
Mexico,Lira,MED,49,49,75
Mexico,Gallardo,DEF,53,53,75
Mexico,Gutiérrez,MED,53,53,75
Mexico,Alvarado,MED,62,62,75
Mexico,Quiñones,DEL,69,56,75
Mexico,Reyes,DEF,66,67,75
Mexico,Fidalgo,MED,74,74,75
South Africa,Williams,POR,51,78,75
South Africa,Mokoena,MED,55,55,75
South Africa,Sithole,MED,63,63,75
South Africa,Adams,MED,55,55,75
South Africa,Modiba,DEF,62,60,75
South Africa,Mbokazi,DEF,57,56,75
South Africa,Sibisi,MED,45,45,75
South Africa,Okon,DEF,57,60,75
South Africa,Mudau,DEF,58,75,75
South Korea,Lee,DEL,57,47,75
South Korea,Seol,DEF,45,57,75
South Korea,Hwang,MED,50,50,75
South Korea,Gi-Hyuk,DEF,57,57,75
South Korea,Paik,MED,49,49,75
Czechia,Lee,MED,58,58,75
Czechia,Provod,MED,49,49,75
Czechia,Zeleny,MED,50,50,75
Czechia,Sojka,MED,53,53,75
Czechia,Soucek,MED,50,50,75
Czechia,Coufal,DEF,63,52,75
Czechia,Krejci,DEF,52,52,75
Czechia,Hranac,DEF,58,58,75
Czechia,Kovar,POR,50,50,75
Czechia,Chaloupek,MED,45,45,75
Canada,Crepeau,POR,79,79,75
Canada,Johnston,DEF,85,60,75
Canada,de Fougerolles,DEF,78,56,75
Canada,Cornelius,DEF,74,58,75
Canada,Laryea,DEF,81,54,75
Canada,Buchanan,MED,58,58,75
Canada,Eustaquio,MED,81,81,75
Canada,Kone,MED,81,81,75
Canada,Millar,MED,52,52,75
Canada,Oluwaseyi,DEL,55,58,75
Bosnia and Herzegovina,Lukic,MED,63,63,75
Bosnia and Herzegovina,Demirovic,DEL,65,65,75
Bosnia and Herzegovina,Memic,MED,58,58,75
Bosnia and Herzegovina,Tahirovic,MED,56,56,75
Bosnia and Herzegovina,Basic,MED,63,63,75
Bosnia and Herzegovina,Bajraktarevic,MED,54,54,75
Bosnia and Herzegovina,Kolasinac,DEF,58,58,75
Bosnia and Herzegovina,Muharemovic,DEF,53,53,75
Bosnia and Herzegovina,Katic,DEF,58,58,75
Bosnia and Herzegovina,Dedic,DEF,55,55,75
Bosnia and Herzegovina,Vasilj,POR,45,71,75
USA,Freese,POR,61,67,75
USA,Freeman,DEF,72,82,75
USA,Richards,DEF,75,70,75
USA,Ream,DEF,76,78,75
USA,Adams,MED,70,70,75
USA,Robinson,DEF,69,65,75
USA,Tillman,MED,72,72,75
USA,Dest,MED,66,66,75
USA,McKennie,MED,62,62,75
USA,Balogun,DEL,57,87,75
Paraguay,Almiron,DEL,60,60,75
Paraguay,Enciso,MED,63,63,75
Paraguay,Bobadilla,MED,65,65,75
Paraguay,Sanabria,DEL,64,64,75
Paraguay,Cubas,MED,63,63,75
Paraguay,Gomez,DEF,58,58,75
Paraguay,Alonso,DEF,62,60,75
Paraguay,Alderete,DEF,61,72,75
Paraguay,Caceres,DEF,59,59,75
Paraguay,Gill,POR,45,61,75
Qatar,Abunada,POR,45,45,75
Qatar,Al-Oui,DEF,56,56,75
Qatar,Miguel,DEF,68,68,75
Qatar,Ahmed,DEF,60,60,75
Qatar,Gaber,MED,64,64,75
Qatar,Laye,DEF,54,63,75
Qatar,Junior,MED,63,63,75
Qatar,Madibo,MED,65,65,75
Qatar,Abdurisag,DEL,70,70,75
Switzerland,Ndoye,DEL,63,63,75
Switzerland,Embolo,DEL,64,70,75
Switzerland,Vargas,DEL,59,69,75
Switzerland,Rodriguez,DEF,68,68,75
Switzerland,Freuler,MED,55,55,75
Switzerland,Aebischer,MED,67,67,75
Switzerland,Elvedi,DEF,66,69,75
Switzerland,Zakaria,MED,55,55,75
Brazil,Ibanez,DEF,50,50,75
Brazil,Becker,POR,58,46,75
Brazil,Marquinhos,DEF,59,68,75
Brazil,Magalhaes,DEF,59,59,75
Brazil,Raphinha,DEL,69,57,75
Brazil,Paqueta,MED,61,61,75
Brazil,Santos,DEF,66,61,75
Brazil,Guimaraes,MED,54,54,75
Brazil,Júnior,MED,77,77,75
Morocco,Saibari,DEL,54,75,75
Morocco,El Khannouss,MED,57,57,75
Morocco,Ounahi,MED,65,65,75
Morocco,Diaz,DEL,71,54,75
Morocco,El Aynaoui,MED,65,65,75
Morocco,Mazraoui,DEF,56,75,75
Morocco,Riad,DEF,57,66,75
Morocco,Diop,DEF,50,71,75
Morocco,Bouaddi,MED,61,61,75
Morocco,Hakimi,DEF,61,67,75
Haiti,Arcus,DEF,52,62,75
Haiti,Ade,MED,65,65,75
Haiti,Delcroix,DEF,66,63,75
Haiti,Experience,MED,53,53,75
Haiti,Deedson,MED,56,56,75
Haiti,Bellegarde,MED,57,57,75
Haiti,Jean Jacques,MED,67,67,75
Haiti,Providence,MED,66,66,75
Scotland,McGinn,MED,59,59,75
Scotland,Isidor,MED,45,45,75
Scotland,Adams,DEL,56,51,75
Scotland,Shankland,DEL,59,49,75
Scotland,Ferguson,MED,56,56,75
Scotland,McTominay,MED,54,54,75
Scotland,Gannon-Doak,DEL,51,59,75
Scotland,Hendry,DEF,55,45,75
Scotland,Hanley,DEF,64,55,75
Scotland,Hickey,MED,58,58,75
Scotland,Gunn,POR,65,47,75
Australia,Beach,POR,84,64,75
Australia,Italiano,DEF,58,55,75
Australia,Circati,DEF,64,56,75
Australia,Souttar,DEF,71,59,75
Australia,Burgess,DEF,64,49,75
Australia,Bos,MED,62,62,75
Australia,Metcalfe,MED,56,56,75
Australia,Okon-Engstler,MED,58,58,75
Australia,O'Neill,MED,55,55,75
Australia,Irankunda,DEL,49,69,75
Australia,Toure,MED,52,52,75
Türkiye,Akturkoglu,MED,56,56,75
Türkiye,Yilmaz,MED,52,52,75
Türkiye,Kokcu,MED,54,54,75
Türkiye,Guler,MED,53,53,75
Türkiye,Kadioglu,MED,55,55,75
Türkiye,Yuksek,MED,58,58,75
Türkiye,Bardakci,DEF,57,72,75
Türkiye,Cakir,MED,45,45,75
Türkiye,Calhanoglu,MED,61,61,75
Türkiye,Demiral,DEF,64,59,75
Türkiye,Celik,MED,49,49,75
Germany,Kimmich,DEF,87,62,75
Germany,Tah,DEF,77,57,75
Germany,Schlotterbeck,DEF,85,85,75
Germany,Brown,DEF,88,55,75
Germany,Pavlovic,MED,81,81,75
Germany,Nmecha,MED,52,52,75
Germany,Sane,DEL,80,80,75
Germany,Musiala,MED,55,55,75
Germany,Wirtz,MED,64,64,75
Germany,Havertz,DEL,62,91,75
Curaçao,Locadia,DEL,59,74,75
Curaçao,Bacuna,MED,68,68,75
Curaçao,Comenencia,MED,61,61,75
Curaçao,Hansen,DEL,77,77,75
Curaçao,Chong,MED,63,63,75
Curaçao,Fonville,MED,61,61,75
Curaçao,Obispo,DEF,68,58,75
Curaçao,Bazoer,MED,71,71,75
Curaçao,Floranus,DEF,70,59,75
Curaçao,Room,POR,45,54,75
Netherlands,Dumfries,DEF,60,45,75
Netherlands,Verbruggen,POR,45,76,75
Netherlands,van Hecke,DEF,60,61,75
Netherlands,Gravenberch,MED,58,58,75
Netherlands,de Jong,MED,60,60,75
Netherlands,Summerville,DEL,59,70,75
Netherlands,Malen,DEL,57,63,75
Netherlands,van de Ven,DEF,56,63,75
Netherlands,Reijnders,MED,68,68,75
Netherlands,Gakpo,DEL,67,63,75
Japan,Maeda,DEL,58,59,75
Japan,Ueda,DEL,46,60,75
Japan,Kamada,MED,49,49,75
Japan,Ito,DEF,55,62,75
Japan,Taniguchi,DEF,60,52,75
Japan,Suzuki,POR,58,59,75
Japan,Sano,MED,59,59,75
Japan,Doan,MED,63,63,75
Japan,Watanabe,DEF,61,61,75
Ivory Coast,Doue,MED,62,62,75
Ivory Coast,Singo,MED,60,60,75
Ivory Coast,Pepe,MED,55,55,75
Ivory Coast,Wahi,MED,62,62,75
Ivory Coast,Kessie,MED,63,63,75
Ivory Coast,Fofana,POR,65,76,75
Ivory Coast,Agbadou,MED,65,65,75
Ivory Coast,Konan,DEF,55,55,75
Ivory Coast,Diomande,MED,66,66,75
Ivory Coast,Toure,MED,59,59,75
Ecuador,Yeboah,MED,65,65,75
Ecuador,Plata,DEL,71,65,75
Ecuador,Vite,MED,74,74,75
Ecuador,Caicedo,MED,63,63,75
Ecuador,Franco,DEF,61,56,75
Ecuador,Minda,MED,59,59,75
Ecuador,Hincapie,MED,45,45,75
Ecuador,Pacho,DEF,55,69,75
Ecuador,Ordonez,MED,63,63,75
Ecuador,Galindez,POR,59,70,75
Sweden,Lagerbielke,DEF,75,69,75
Sweden,Bernhardsson,DEF,74,62,75
Sweden,Isak,DEL,59,85,75
Sweden,Nordfeldt,POR,73,45,75
Sweden,Hien,DEF,80,55,75
Sweden,Karlstrom,MED,77,77,75
Sweden,Nygren,MED,71,71,75
Sweden,Lindelof,DEF,75,75,75
Sweden,Gudmundsson,MED,64,64,75
Sweden,Gyokeres,DEL,83,83,75
Sweden,Ayari,MED,59,59,75
Tunisia,Abdi,DEF,66,56,75
Tunisia,Ben Hamida,DEF,74,55,75
Tunisia,Saad,DEL,65,71,75
Tunisia,Mejbri,MED,55,55,75
Tunisia,Slimane,DEL,50,72,75
Tunisia,Khedira,DEF,66,46,75
Tunisia,Rekik,DEF,69,64,75
Tunisia,Talbi,DEF,70,48,75
Tunisia,Valery,DEF,62,45,75
Tunisia,Chamakh,POR,45,45,75
Spain,Llorente,DEF,61,67,75
Spain,Cubarsi,DEF,58,58,75
Spain,Pedri,MED,59,59,75
Spain,Simon,POR,56,56,75
Spain,Laporte,DEF,59,63,75
Spain,Ruiz,MED,57,57,75
Spain,Cucurella,DEF,56,53,75
Spain,Torres,DEL,49,49,75
Spain,Oyarzabal,DEL,54,55,75
Spain,Gavi,MED,51,51,75
Cabo Verde,Livramento,DEL,54,48,75
Cabo Verde,Cabral,DEL,51,51,75
Cabo Verde,Monteiro,MED,53,53,75
Cabo Verde,Mendes,DEL,50,54,75
Cabo Verde,Duarte,MED,53,53,75
Cabo Verde,Pina,MED,57,57,75
Cabo Verde,Lopes,DEF,58,61,75
Cabo Verde,Diney,DEF,63,63,75
Cabo Verde,Moreira,DEF,45,57,75
Cabo Verde,Vozinha,POR,85,63,75
Belgium,Meunier,DEF,52,45,75
Belgium,Ngoy,DEF,59,49,75
Belgium,Mechele,DEF,61,73,75
Belgium,Onana,MED,51,51,75
Belgium,Castagne,DEF,53,72,75
Belgium,Tielemans,MED,70,70,75
Belgium,Trossard,MED,90,90,75
Belgium,Doku,DEL,74,45,75
Belgium,De Ketelaere,DEL,76,54,75
Egypt,Marmoush,DEL,63,48,75
Egypt,Ziko,MED,55,55,75
Egypt,Ashour,DEL,58,62,75
Egypt,Attia,MED,62,62,75
Egypt,Fotouh,DEF,52,62,75
Egypt,Fathy,MED,59,59,75
Egypt,Ibrahim,MED,60,60,75
Egypt,Shobeir,POR,55,66,75
Egypt,Lasheen,MED,61,61,75
Egypt,Hany,DEF,56,69,75
Saudi Arabia,Al-Owais,POR,75,66,75
Saudi Arabia,Abdulhamid,DEF,47,61,75
Saudi Arabia,Tambakti,DEF,47,59,75
Saudi Arabia,Al-Amri,DEF,63,66,75
Saudi Arabia,Al-Harbi,DEF,49,50,75
Saudi Arabia,Abu Al-Shamat,MED,46,46,75
Saudi Arabia,Kanno,MED,50,50,75
Saudi Arabia,Al-Khaibari,MED,54,54,75
Saudi Arabia,Al-Dawsari,MED,47,47,75
Saudi Arabia,Al-Juwayr,MED,62,62,75
Saudi Arabia,Al-Buraikan,DEL,49,52,75
Uruguay,Araujo,MED,72,72,75
Uruguay,Vina,MED,45,45,75
Uruguay,Nunez,MED,56,56,75
Uruguay,Vinas,MED,56,56,75
Uruguay,Bentancur,MED,58,58,75
Uruguay,Ugarte,MED,55,55,75
Uruguay,Olivera,DEF,62,56,75
Uruguay,Caceres,MED,58,58,75
Uruguay,Varela,DEF,69,46,75
Iran,Beiranvand,POR,48,56,75
Iran,Rezaeian,DEF,83,65,75
Iran,Khalilzadeh,DEF,55,63,75
Iran,Nemati,DEF,59,57,75
Iran,Mohebi,DEL,51,62,75
Iran,Ghoddos,MED,53,53,75
Iran,Ezatolahi,MED,58,58,75
Iran,Yousefi,MED,61,61,75
Iran,Moghanlou,MED,61,61,75
New Zealand,McCowatt,DEL,54,57,75
New Zealand,Singh,DEL,63,47,75
New Zealand,Just,MED,75,75,75
New Zealand,Stamenic,MED,54,54,75
New Zealand,Cacace,DEF,56,63,75
New Zealand,Boxall,DEF,56,55,75
New Zealand,Bell,MED,64,64,75
New Zealand,Surman,DEF,59,62,75
New Zealand,Payne,DEF,51,64,75
New Zealand,Crocombe,POR,45,45,75
France,Kounde,DEF,58,58,75
France,Maignan,POR,46,61,75
France,Upamecano,DEF,68,65,75
France,Saliba,DEF,55,58,75
France,Tchouameni,MED,62,62,75
France,Olise,DEL,61,51,75
France,Dembele,DEL,56,56,75
France,Mbappe,DEL,73,73,75
France,Hernandez,DEF,55,55,75
France,Rabiot,MED,50,50,75
France,Doue,MED,52,52,75
Senegal,Mane,DEL,58,58,75
Senegal,Jackson,DEL,60,53,75
Senegal,Sarr,DEL,87,47,75
Senegal,Gueye,MED,77,77,75
Senegal,Diouf,DEF,48,59,75
Senegal,Niakhate,DEF,48,48,75
Senegal,Camara,MED,83,83,75
Senegal,Diatta,DEF,61,82,75
Iraq,Ali,DEF,56,54,75
Iraq,Tahseen,DEF,56,52,75
Iraq,Hasan,MED,45,45,75
Iraq,Hashim,DEF,59,60,75
Iraq,Doski,DEF,69,64,75
Iraq,Bayesh,MED,66,66,75
Iraq,Al-Ammari,MED,63,63,75
Iraq,Ismael,DEF,57,45,75
Iraq,Jasim,DEL,65,63,75
Iraq,Hussein,DEL,48,64,75
Iraq,Nusa,MED,68,68,75
Norway,Haaland,DEL,80,88,75
Norway,Aursnes,DEF,58,60,75
Norway,Wolfe,DEF,68,57,75
Norway,Heggem,DEF,68,57,75
Norway,Berge,MED,61,61,75
Norway,Nyland,POR,69,53,75
Norway,Sorloth,MED,67,67,75
Norway,Odegaard,MED,71,71,75
Norway,Ajer,DEF,69,62,75
Norway,Ryerson,DEF,72,60,75
Argentina,Montiel,DEF,70,70,75
Argentina,Martinez,DEF,73,73,75
Argentina,Romero,DEF,66,66,75
Argentina,De Paul,MED,65,65,75
Argentina,Mac Allister,MED,67,67,75
Argentina,Medina,DEF,65,58,75
Argentina,Fernandez,MED,65,65,75
Argentina,Almada,MED,65,65,75
Algeria,Chaibi,MED,60,60,75
Algeria,Gouiri,DEL,60,59,75
Algeria,Bentaleb,MED,60,60,75
Algeria,Maza,MED,63,63,75
Algeria,Moussa,DEF,58,58,75
Algeria,Boudaoui,MED,61,61,75
Algeria,Ait-Nouri,DEF,56,56,75
Algeria,Bensebaini,DEF,59,54,75
Algeria,Mandi,DEF,61,59,75
Algeria,Belghali,DEF,53,65,75
Algeria,Zidane,POR,45,47,75
Austria,Posch,DEF,59,47,75
Austria,Laimer,MED,62,62,75
Austria,Schlager,MED,62,62,75
Austria,Lienhart,DEF,72,52,75
Austria,Seiwald,MED,63,63,75
Austria,Mwene,DEF,63,61,75
Austria,Schmid,MED,54,54,75
Austria,Kalajdzic,MED,65,65,75
Jordan,Al-Fakhouri,DEL,57,71,75
Jordan,Olwan,DEL,63,72,75
Jordan,Al-Taamari,DEL,51,60,75
Jordan,Abu Taha,MED,49,49,75
Jordan,Al-Rashdan,MED,56,56,75
Jordan,Al-Rawabdeh,MED,52,52,75
Jordan,Al-Arab,DEF,65,46,75
Jordan,Abualnadi,MED,57,57,75
Jordan,Abulaila,POR,45,45,75
Jordan,Haddad,DEF,56,53,75
Jordan,Nasib,DEF,61,48,75
Portugal,Cancelo,DEF,60,55,75
Portugal,Araujo,DEF,47,47,75
Portugal,Neves,MED,48,48,75
Portugal,Costa,POR,47,75,75
Portugal,Veiga,DEF,58,64,75
Portugal,Mendes,DEF,54,45,75
Portugal,Vitinha,MED,56,56,75
Portugal,Fernandes,MED,49,49,75
Portugal,Neto,MED,46,46,75
DR Congo,Wissa,DEL,84,68,75
DR Congo,Kayembe,MED,50,50,75
DR Congo,Moutoussamy,MED,65,65,75
DR Congo,Masuaku,DEF,62,68,75
DR Congo,Kapuadi,DEF,57,52,75
DR Congo,Bakambu,DEL,60,55,75
DR Congo,Mukau,MED,55,55,75
DR Congo,Tuanzebe,DEF,57,63,75
DR Congo,Mbemba,DEF,55,69,75
DR Congo,Wan-Bissaka,DEF,65,71,75
DR Congo,Mpasi,POR,45,61,75
England,James,DEF,59,58,75
England,Anderson,MED,73,73,75
England,Madueke,DEL,52,75,75
England,Pickford,POR,56,71,75
England,Stones,DEF,60,60,75
England,Konsa,DEF,59,72,75
England,Bellingham,MED,88,88,75
England,Rice,MED,51,51,75
England,O'Reilly,DEF,63,75,75
England,Gordon,DEL,53,66,75
Croatia,Pasalic,MED,56,56,75
Croatia,Perisic,DEL,60,60,75
Croatia,Musa,DEL,54,68,75
Croatia,Baturina,MED,55,55,75
Croatia,Sucic,MED,57,57,75
Croatia,Modric,MED,52,52,75
Croatia,Stanisic,DEF,56,56,75
Croatia,Gvardiol,DEF,45,47,75
Croatia,Vuskovic,DEF,52,52,75
Croatia,Sutalo,DEF,52,52,75
Croatia,Livakovic,POR,61,61,75
Ghana,Mensah,DEF,61,66,75
Ghana,Opoku,DEF,65,62,75
Ghana,Yirenkyi,DEF,65,48,75
Ghana,Semenyo,DEL,53,57,75
Ghana,Nuamah,MED,51,51,75
Ghana,Ayew,DEL,56,56,75
Ghana,Adjetey,DEF,66,48,75
Ghana,Owusu,MED,56,56,75
Ghana,Senaya,DEF,71,64,75
Ghana,Sulemana,DEL,64,56,75
Panama,Rodriguez,MED,52,52,75
Panama,Waterman,MED,57,57,75
Panama,Barcenas,MED,56,56,75
Panama,Blackman,DEF,56,45,75
Panama,Martinez,MED,51,51,75
Panama,Harvey,MED,49,49,75
Panama,Cordoba,MED,57,57,75
Panama,Andrade,DEF,51,47,75
Panama,Ramos,DEF,55,50,75
Panama,Mosquera,POR,45,57,75
Uzbekistan,Ashurmatov,DEF,57,55,75
Uzbekistan,Karimov,DEF,62,49,75
Uzbekistan,Yusupov,POR,45,45,75
Uzbekistan,Khusanov,DEF,46,45,75
Uzbekistan,Mozgovoy,MED,62,62,75
Uzbekistan,Shukurov,MED,55,55,75
Uzbekistan,Abdullaev,DEF,59,45,75
Uzbekistan,Nasrullaev,MED,45,45,75
Uzbekistan,Fayzullaev,MED,64,64,75
Uzbekistan,Shomurodov,DEL,69,59,75
Uzbekistan,Urunov,DEL,59,59,75
Colombia,Suarez,DEL,67,67,75
Colombia,Diaz,DEL,80,80,75
Colombia,Rodriguez,MED,68,68,75
Colombia,Arias,DEF,57,74,75
Colombia,Mojica,DEF,62,68,75
Colombia,Puerta,MED,49,49,75
Colombia,Lucumi,DEF,62,62,75
Colombia,Sanchez,DEF,73,73,75
Colombia,Vargas,POR,57,71,75
Colombia,Lerma,MED,53,53,75
Colombia,Munoz,DEF,69,69,75
Czechia,Holes,DEF,61,61,75
Czechia,Darida,MED,51,51,75
Czechia,Cerv,MED,59,59,75
Czechia,Sadilek,MED,65,65,75
Czechia,Hlozek,DEL,49,49,75
South Africa,Rayners,DEL,49,49,75
South Africa,Appollis,DEL,63,52,75
South Africa,Mbatha,MED,53,53,75
South Africa,Maseko,MED,56,56,75
Switzerland,Widmer,DEF,66,66,75
Switzerland,Rieder,DEL,69,69,75
Bosnia and Herzegovina,Dzeko,DEL,63,63,75
Bosnia and Herzegovina,Alajbegovic,MED,60,60,75
Bosnia and Herzegovina,Sunjic,MED,58,58,75
Canada,Ahmed,MED,51,51,75
Canada,Larin,DEL,51,84,75
Mexico,Sánchez,DEF,56,74,75
Mexico,Álvarez,MED,64,64,75
Mexico,Romo,MED,64,64,75
USA,Pepi,DEL,61,61,75
Australia,Velupillay,MED,60,60,75
Australia,Leckie,MED,56,56,75
Australia,Touré,DEL,60,50,75
Scotland,Tierney,DEF,50,54,75
Scotland,Patterson,DEF,53,50,75
Scotland,Christie,MED,52,52,75
Brazil,Danilo,DEF,50,50,75
Brazil,Magalhães,DEF,50,64,75
Brazil,Paquetá,MED,65,65,75
Brazil,Guimarães,MED,64,64,75
Brazil,Cunha,DEL,54,50,75
Haiti,Casimir,MED,61,61,75
Haiti,Expérience,DEF,50,63,75
Haiti,Duverne,DEF,50,61,75
Haiti,Adé,DEF,50,65,75
Türkiye,Çakır,POR,50,51,75
Türkiye,Müldür,DEF,50,64,75
Türkiye,Kadıoğlu,DEF,50,60,75
Türkiye,Yüksek,MED,59,59,75
Türkiye,Akgün,MED,54,54,75
Türkiye,Güler,MED,61,61,75
Türkiye,Yıldız,MED,56,56,75
Türkiye,Aktürkoğlu,DEL,59,50,75
Paraguay,Pitta,DEL,52,50,75
Paraguay,D. Gómez,DEF,56,54,75
Paraguay,Galarza,MED,56,56,75
Paraguay,G. Gómez,DEF,50,54,75
Paraguay,Cáceres,DEF,50,64,75
Netherlands,Brobbey,DEL,59,50,75
Sweden,Lindelöf,DEF,50,58,75
Sweden,Karlström,MED,70,70,75
Sweden,Gyökeres,DEL,53,50,75
Germany,Rüdiger,DEF,50,59,75
Germany,Süle,DEF,50,68,75
Germany,Raum,DEF,50,61,75
Germany,Gündoğan,MED,68,68,75
Germany,Goretzka,MED,70,70,75
Germany,Sané,MED,48,48,75
Germany,Gnabry,DEL,78,50,75
Germany,Füllkrug,DEL,80,50,75
Ivory Coast,Kossounou,DEF,50,66,75
Ivory Coast,Ndicka,DEF,50,62,75
Ivory Coast,Aurier,DEF,50,65,75
Ivory Coast,Kessié,MED,62,62,75
Ivory Coast,Sangaré,MED,69,69,75
Ivory Coast,Pépé,DEL,79,50,75
Ivory Coast,Zaha,DEL,68,50,75
Ecuador,Hincapié,DEF,50,56,75
Ecuador,Estupiñán,DEF,50,56,75
Ecuador,Alcivar,MED,55,55,75
Curaçao,Gaari,DEF,50,45,75
Curaçao,Brenet,DEF,50,53,75
Curaçao,J. Bacuna,DEL,55,54,75
Curaçao,L. Bacuna,MED,58,58,75
Tunisia,Dahmen,POR,50,52,75
Tunisia,Bronn,DEF,50,61,75
Tunisia,Tounekti,DEL,65,50,75
Japan,H. Ito,DEF,50,51,75
Japan,Itakura,DEF,50,56,75
Japan,Tomiyasu,DEF,50,48,75
Japan,Tanaka,MED,70,70,75
Japan,J. Ito,DEF,77,62,75
Spain,Simón,POR,50,66,75
Spain,Porro,DEF,50,75,75
Spain,Cubarsí,DEF,50,61,75
Spain,Olmo,MED,70,70,75
Spain,Yamal,DEL,50,50,75
Spain,Baena,DEL,64,50,75
Saudi Arabia,Alawjami,DEF,50,65,75
Saudi Arabia,N. Al Dawsari,MED,47,47,75
Saudi Arabia,S. Al-Dawsari,DEL,45,50,75
Belgium,De Cuyper,DEF,50,78,75
Belgium,Raskin,MED,52,52,75
Belgium,Saelemaekers,MED,46,46,75
Belgium,Lukaku,DEL,46,50,75
Iran,Hardani,DEF,50,50,75
Iran,Kanaanizadegan,DEF,50,54,75
Iran,Hajsafi,MED,52,52,75
Uruguay,Cáceres,DEF,50,74,75
Uruguay,Sanabria,MED,62,62,75
Uruguay,Canobbio,DEL,45,50,75
Uruguay,Araújo,DEL,74,50,75
Uruguay,Viñas,DEL,65,50,75
Cabo Verde,R. Lopes,DEF,50,61,75
Cabo Verde,S. Lopes Cabral,DEF,50,61,75
Cabo Verde,K. Pina,MED,57,57,75
Cabo Verde,T. Arcanjo,MED,67,67,75
Cabo Verde,R. Mendes,DEL,50,64,75
Cabo Verde,J. Monteiro,MED,53,53,75
Cabo Verde,G. Rodrigues,DEL,68,50,75
Cabo Verde,G. Tavares,DEL,62,50,75
New Zealand,Stamenić,MED,64,64,75
Egypt,Y. Ibrahim,DEF,50,69,75
Egypt,H. Fathy,DEF,50,66,75
Argentina,N. Molina,DEF,50,66,75
Argentina,C. Romero,DEF,50,70,75
Argentina,E. Fernández,MED,66,66,75
Argentina,Lisandro Martínez,DEF,50,68,75
Argentina,Lautaro Martínez,DEL,69,50,75
Austria,A. Schlager,POR,50,46,75
Austria,Danso,DEF,50,58,75
Austria,X. Schlager,MED,60,60,75
Austria,Wanner,MED,61,61,75
Austria,Gregoritsch,DEL,63,50,75
France,Koundé,DEF,50,65,75
France,Digne,DEF,50,53,75
France,Koné,MED,67,67,75
France,Dembélé,MED,92,92,75
France,Barcola,DEL,53,50,75
Iraq,Basil,POR,50,62,75
Iraq,Qasem,DEL,68,51,75
Iraq,Iqbal,MED,67,67,75
Norway,Ødegaard,MED,63,63,75
Norway,Sørloth,DEL,58,50,75
Norway,Nusa,DEL,64,50,75
Senegal,Niakhaté,DEF,50,75,75
Senegal,I. Gueye,MED,77,77,75
Senegal,P. Gueye,MED,77,77,75
Jordan,Abu Dahab,DEF,50,45,75
Jordan,Al-Mardi,MED,54,54,75
Algeria,Aït-Nouri,DEF,50,52,75
Algeria,Chaïbi,DEL,71,54,75
Algeria,Zerrouki,MED,56,56,75
Portugal,Félix,DEL,49,50,75
Uzbekistan,Nematov,POR,50,45,75
Uzbekistan,Hamrobekov,MED,45,45,75
Uzbekistan,Ganiev,MED,45,45,75
England,Guéhi,DEF,50,77,75
England,Spence,DEF,50,60,75
Ghana,Asare,POR,50,45,75
Ghana,Sibo,MED,55,55,75
Panama,Córdoba,DEF,50,53,75
Panama,Martínez,MED,45,45,75
Panama,Bárcenas,MED,49,49,75
Panama,Rodríguez,MED,50,50,75
Panama,Fajardo,DEL,52,50,75
Croatia,Livaković,POR,50,54,75
Croatia,Stanišić,DEF,50,50,75
Croatia,Šutalo,DEF,50,68,75
Croatia,Pongračić,DEF,50,65,75
Croatia,Kovačić,MED,59,59,75
Croatia,Pašalić,MED,55,55,75
Croatia,Perišić,DEF,57,64,75
Colombia,Muñoz,DEF,50,65,75
Colombia,Lucumí,DEF,50,57,75
Colombia,Díaz,DEL,46,50,75
Colombia,Suárez,DEL,55,50,75
Congo DR,Mpasi,POR,50,76,75
Congo DR,Wan-Bissaka,DEF,50,45,75
Congo DR,Tuanzebe,DEF,50,55,75
Congo DR,Kapuadi,DEF,50,52,75
Congo DR,Masuaku,DEF,50,56,75
Congo DR,Mukau,MED,55,55,75
Congo DR,Moutoussamy,MED,48,48,75
Congo DR,Kayembe,MED,50,50,75
Congo DR,Wissa,DEL,49,50,75
Switzerland,Jaquez,DEF,50,45,75
Switzerland,Rodríguez,DEF,50,54,75
Switzerland,Sow,MED,53,53,75
Switzerland,Manzambi,DEL,63,50,75
Canada,Crépeau,POR,50,65,75
Canada,Saliba,MED,47,47,75
Canada,Choinière,MED,55,55,75
Bosnia and Herzegovina,Malić,DEF,50,65,75
Bosnia and Herzegovina,Katić,DEF,50,69,75
Bosnia and Herzegovina,Radeljić,DEF,50,71,75
Bosnia and Herzegovina,Kolašinac,DEF,50,68,75
Bosnia and Herzegovina,Bajraktarević,MED,72,72,75
Bosnia and Herzegovina,Šunjić,MED,71,71,75
Bosnia and Herzegovina,Bašić,MED,77,77,75
Bosnia and Herzegovina,Alajbegović,MED,77,77,75
Bosnia and Herzegovina,Demirović,DEL,70,50,75
Bosnia and Herzegovina,Džeko,DEL,73,50,75
Qatar,Al-Brake,DEF,50,67,75
Qatar,Fathy,MED,67,67,75
Qatar,Boudiaf,MED,71,71,75
Qatar,Al-Haydos,DEL,77,50,75
Qatar,Edmilson Jr,DEL,70,50,75
Morocco,Haihal,DEF,50,67,75
Morocco,Salah-Eddine,DEF,50,71,75
Morocco,Amrabat,MED,73,73,75
Morocco,El Kaabi,DEL,67,50,75
Haiti,Joseph,DEL,51,50,75
Haiti,Isidor,DEL,72,50,75
Scotland,McKenna,DEF,50,53,75
Scotland,McLean,MED,48,48,75
Brazil,V. Júnior,DEL,67,50,75
Brazil,Rayan,DEL,66,50,75
Czechia,Kovář,POR,50,45,75
Czechia,Holeš,DEF,50,64,75
Czechia,Hranáč,DEF,50,50,75
Czechia,Krejčí,DEF,50,57,75
Czechia,Douděra,MED,51,51,75
Czechia,Sadílek,MED,59,59,75
Czechia,Červ,MED,60,60,75
Czechia,Višinský,MED,58,58,75
Czechia,Hložek,DEL,60,50,75
Czechia,Šulc,DEL,45,50,75
Mexico,Mora,MED,62,62,75
Mexico,Chávez,MED,75,75,75
Mexico,Martínez,DEL,64,50,75
South Africa,Mofokeng,MED,52,52,75
South Africa,Makgopa,DEL,50,50,75
South Korea,S.G. Kim,POR,50,53,75
South Korea,L. Gi-Hyuk,DEF,50,56,75
South Korea,M.J. Kim,DEF,50,56,75
South Korea,H.B. Lee,DEF,50,56,75
South Korea,K.I. Lee,MED,46,46,75
South Korea,T.S. Lee,MED,55,55,75
South Korea,I.B. Hwang,MED,51,51,75
South Korea,Oh,DEL,50,50,75
South Korea,H.C. Hwang,DEL,47,50,75
Ivory Coast,Opéri,DEF,50,66,75
Ivory Coast,O. Diomande,DEF,50,66,75
Ivory Coast,Doué,DEF,50,68,75
Ivory Coast,Y. Diomandé,MED,62,62,75
Ivory Coast,Diallo,MED,61,61,75
Ivory Coast,Bonny,DEL,63,50,75
Ecuador,Galíndez,POR,50,64,75
Ecuador,Ordóñez,DEF,50,72,75
Ecuador,Angulo,MED,66,66,75
Germany,Pavlović,MED,52,52,75
Tunisia,Gharbi,MED,46,46,75
Tunisia,Mastouri,DEL,68,50,75
Netherlands,Aké,DEF,50,59,75
Japan,Sugawara,DEF,50,45,75
Japan,Seko,DEF,50,60,75
Sweden,Widell Zetterström,POR,50,55,75
Sweden,Stroud,MED,58,58,75
Sweden,Elanga,DEL,73,50,75
Paraguay,Velázquez,DEF,50,58,75
Paraguay,Maidana,MED,57,57,75
Paraguay,Ávalos,DEL,56,50,75
Australia,Herrington,DEF,50,63,75
Australia,Behich,DEF,50,52,75
Australia,Irvine,MED,51,51,75
Australia,Volpato,DEL,45,50,75
Turkiye,Çakır,POR,50,71,75
Turkiye,Çelik,DEF,50,71,75
Turkiye,Kabak,DEF,50,59,75
Turkiye,Bardakcı,DEF,50,65,75
Turkiye,Elmalı,DEF,50,65,75
Turkiye,Kökçü,MED,70,70,75
Turkiye,Özcan,MED,62,62,75
Turkiye,Aydın,MED,73,73,75
Turkiye,Güler,MED,71,71,75
Turkiye,Yıldız,DEL,58,50,75
Turkiye,Yılmaz,DEL,59,50,75
USA,Turner,POR,50,45,75
USA,Scally,DEF,50,65,75
USA,McKenzie,DEF,50,62,75
USA,Trusty,DEF,50,69,75
USA,Berhalter,MED,82,82,75
USA,Reyna,MED,56,56,75
USA,Weah,DEL,55,50,75
USA,Aaronson,DEL,58,50,75
Norway,Selvik,POR,50,45,75
Norway,Falchener,DEF,50,54,75
Norway,Østigård,DEF,50,52,75
Norway,Bjørkan,DEF,50,50,75
Norway,Thorstvedt,MED,53,53,75
Norway,Berg,MED,50,50,75
Norway,Aasgaard,MED,66,66,75
Norway,Bobb,DEL,64,50,75
Norway,Strand Larsen,DEL,57,50,75
Norway,Schjelderup,DEL,58,50,75
France,Lacroix,DEF,50,65,75
France,Hernández,DEF,50,60,75
France,Tchouaméni,MED,76,76,75
France,Doué,DEL,75,50,75
Senegal,Diaw,POR,50,77,75
Senegal,Seck,DEF,50,77,75
Senegal,Jakobs,DEF,50,74,75
Senegal,Diarra,MED,83,83,75
Senegal,Mbaye,DEL,75,50,75
Iraq,Putros,DEF,50,66,75
Iraq,Sulaka,DEF,50,52,75
Iraq,Al-Hamadi,DEL,68,50,75
Cape Verde,Vozinha,POR,50,63,75
Cape Verde,W. Pina,DEF,50,53,75
Cape Verde,Lopes,DEF,50,61,75
Cape Verde,Diney,DEF,50,63,75
Cape Verde,J.P. Fernandes,DEF,50,54,75
Cape Verde,K. Pina,MED,57,57,75
Cape Verde,Duarte,MED,53,53,75
Cape Verde,Monteiro,MED,53,53,75
Cape Verde,Mendes,DEL,50,50,75
Cape Verde,Livramento,DEL,54,50,75
Cape Verde,Semedo,DEL,53,50,75
Saudi Arabia,Boushal,DEF,50,56,75
Saudi Arabia,Mandash,DEL,63,50,75
Uruguay,S. Cáceres,DEF,50,50,75
Uruguay,J.M. Sanabria,DEF,50,65,75
Uruguay,Núñez,DEL,52,50,75
Uruguay,M. Araújo,DEL,51,50,75
Spain,Merino,MED,59,59,75
Cabo Verde,W. Pina,DEF,50,53,75
Cabo Verde,J.P. Fernandes,DEF,50,54,75
Cabo Verde,Semedo,DEL,53,50,75
Egypt,Rabia,DEF,50,63,75
Egypt,Abdelmonem,DEF,50,45,75
Egypt,Saber,MED,65,65,75
Egypt,Trézéguet,DEL,60,50,75
Iran,Ghorbani,MED,54,54,75
New Zealand,Bindon,DEF,50,54,75
Belgium,Theate,DEF,50,72,75
Belgium,Vanaken,MED,75,75,75
Panama,Escobar,DEF,50,66,75
Panama,Gutiérrez,MED,48,48,75
Panama,J.L. Rodríguez,DEL,49,50,75
Panama,T. Rodríguez,DEL,50,50,75
England,Quansah,DEF,50,56,75
England,Saka,MED,59,59,75
England,Rogers,MED,65,65,75
England,Rashford,DEL,54,50,75
England,Harry Kane,DEL,70,50,75
Croatia,Vlašić,MED,73,73,75
Croatia,Sučić,MED,77,77,75
Croatia,Budimir,DEL,57,50,75
Ghana,Luckassen,DEF,50,67,75
Colombia,Machado,DEF,50,53,75
Colombia,J. Arias,MED,63,63,75
Colombia,Córdoba,DEL,52,50,75
DR Congo,Cipenga,MED,52,52,75
DR Congo,Sadiki,MED,76,76,75
DR Congo,Mbuku,MED,65,65,75
Uzbekistan,Urozov,DEF,50,55,75
Uzbekistan,Alijonov,DEF,50,51,75
Uzbekistan,Khamdamov,DEL,58,50,75
Algeria,Benbot,POR,50,45,75
Algeria,Hadjam,DEF,50,53,75
Algeria,Aouar,MED,65,65,75
Jordan,Azaizeh,MED,61,61,75
Argentina,Senesi,DEF,50,64,75
Argentina,Tagliafico,DEF,50,64,75
Argentina,Paz,MED,64,64,75
Argentina,Paredes,MED,61,61,75
Argentina,Palacios,MED,64,64,75
Argentina,Lo Celso,MED,73,73,75
Argentina,Simeone,DEL,60,50,75
Argentina,J. Álvarez,DEL,64,50,75
Argentina,L. Martínez,DEL,80,50,75
Canada,Bombito,DEF,50,48,75
Canada,Eustáquio,MED,87,87,75
Brazil,Lucas Paquetá,MED,54,54,75
Japan,Dōan,MED,49,49,75
Japan,J. Itō,MED,56,56,75
Germany,Undav,MED,54,54,75
Paraguay,Canale,DEF,50,64,75
Morocco,Díaz,MED,58,58,75
